1;128;POHeavyRush;POLightRushLightDefenseRangedDefenseWorkerDefense
1;128;EconomyRush;LightDefenseRangedDefense
-0.585586;128;EconomyRush;POHeavyRushPORangedRushRangedDefenseEconomyMilitaryRush
0.926829;128;POWorkerRush;POLightRushPORangedRushWorkerDefenseEconomyMilitaryRush
-0.651246;128;EconomyRush;WorkerDefenseEconomyMilitaryRush
1;128;PORangedRush;LightDefenseEconomyMilitaryRush
0.898551;128;PORangedRush;WorkerRushPlusPlusPOLightRushPORangedRushLightDefense
0.913043;128;POHeavyRush;POHeavyRush
-0.551155;128;EconomyRush;PORangedRushLightDefenseRangedDefense
-0.578348;128;EconomyRush;RangedDefense
1;128;POWorkerRush;POLightRushRangedDefenseWorkerDefense
1;128;POWorkerRush;POLightRushPOHeavyRushLightDefenseEconomyMilitaryRush
0.937008;128;PORangedRush;POHeavyRushPORangedRushWorkerDefenseEconomyMilitaryRush
0.356643;128;POWorkerRush;POHeavyRushPORangedRushLightDefenseWorkerDefense
1;128;POWorkerRush;PORangedRushRangedDefenseEconomyMilitaryRush
1;128;EconomyRush;POLightRushLightDefenseEconomyMilitaryRush
1;128;POWorkerRush;POLightRushPOHeavyRushRangedDefense
1;128;POHeavyRush;POLightRushPORangedRushLightDefenseRangedDefense
1;128;POWorkerRush;PORangedRushRangedDefenseWorkerDefenseEconomyMilitaryRush
1;128;POHeavyRush;POHeavyRushLightDefense
0.898551;128;PORangedRush;POLightRushPOHeavyRushPORangedRushEconomyMilitaryRush
0.877863;128;EconomyRush;POLightRushPORangedRush
-0.270588;128;POLightRush;WorkerRushPlusPlusPORangedRushRangedDefense
-0.33101;128;EconomyRush;WorkerRushPlusPlusPOHeavyRushPORangedRush
1;128;PORangedRush;POHeavyRushLightDefenseWorkerDefense
1;128;POWorkerRush;POLightRushLightDefenseRangedDefense
-0.550173;128;EconomyRush;WorkerRushPlusPlusPORangedRushEconomyMilitaryRush
0.963801;128;POLightRush;WorkerRushPlusPlusPOHeavyRushRangedDefense
1;128;EconomyRush;WorkerRushPlusPlusLightDefenseRangedDefenseEconomyMilitaryRush
0.940299;128;POLightRush;POLightRush
1;128;POLightRush;PORangedRushEconomyMilitaryRush
1;128;POHeavyRush;LightDefenseWorkerDefense
0.674074;128;EconomyRush;POLightRushPOHeavyRushLightDefense
-0.652174;128;EconomyRush;WorkerRushPlusPlusPOLightRushRangedDefenseWorkerDefense
1;128;POLightRush;PORangedRushWorkerDefenseEconomyMilitaryRush
1;128;POWorkerRush;PORangedRushWorkerDefense
1;128;PORangedRush;PORangedRushLightDefenseWorkerDefense
0.340659;128;EconomyRush;WorkerRushPlusPlusPOLightRushPOHeavyRushLightDefense
1;128;POLightRush;POHeavyRushRangedDefense
0.607843;128;POHeavyRush;WorkerRushPlusPlusPOHeavyRushPORangedRushRangedDefense
-0.402985;128;EconomyRush;POHeavyRushLightDefenseRangedDefenseWorkerDefense
0.898551;128;PORangedRush;POLightRushPOHeavyRushLightDefenseRangedDefense
1;128;POLightRush;LightDefenseRangedDefenseWorkerDefenseEconomyMilitaryRush
0.836066;128;POLightRush;WorkerRushPlusPlusPOHeavyRushRangedDefenseEconomyMilitaryRush
0.964758;128;PORangedRush;LightDefenseWorkerDefenseEconomyMilitaryRush
1;128;POLightRush;POHeavyRushLightDefenseRangedDefense
-0.367742;128;POLightRush;WorkerRushPlusPlusRangedDefenseWorkerDefense
1;128;POHeavyRush;WorkerRushPlusPlusPOHeavyRushLightDefenseWorkerDefense
1;128;POHeavyRush;WorkerDefenseEconomyMilitaryRush
1;128;PORangedRush;LightDefenseRangedDefenseEconomyMilitaryRush
1;128;POWorkerRush;POLightRushPOHeavyRushLightDefenseWorkerDefense
0.895833;128;EconomyRush;POHeavyRush
-0.337838;128;POLightRush;WorkerRushPlusPlusPOLightRushLightDefenseWorkerDefense
1;128;POHeavyRush;LightDefenseRangedDefense
0.607843;128;POHeavyRush;POHeavyRushPORangedRushRangedDefenseEconomyMilitaryRush
1;128;EconomyRush;POLightRushLightDefenseRangedDefenseWorkerDefense
1;128;POWorkerRush;POLightRushPOHeavyRush
0.0563381;128;POHeavyRush;PORangedRushLightDefenseRangedDefense
1;128;POWorkerRush;PORangedRushLightDefenseWorkerDefenseEconomyMilitaryRush
1;128;POLightRush;WorkerRushPlusPlusPOLightRushLightDefense
0.0563381;128;POHeavyRush;RangedDefense
1;128;POHeavyRush;POLightRushLightDefenseEconomyMilitaryRush
0.968;128;EconomyRush;POLightRushPORangedRushLightDefenseRangedDefense
0.921053;128;PORangedRush;LightDefense
0.965217;128;PORangedRush;WorkerRushPlusPlusPOLightRushPOHeavyRushEconomyMilitaryRush
1;128;POHeavyRush;WorkerRushPlusPlusPOHeavyRushPORangedRush
0.961089;128;POWorkerRush;POHeavyRushRangedDefenseEconomyMilitaryRush
0.90411;128;PORangedRush;POLightRushPORangedRushWorkerDefense
1;128;POHeavyRush;WorkerRushPlusPlusPORangedRushEconomyMilitaryRush
0.125;128;EconomyRush;POHeavyRushLightDefense
1;128;POHeavyRush;POLightRushPORangedRush
1;128;POLightRush;POHeavyRushLightDefenseRangedDefenseEconomyMilitaryRush
0.976879;128;POHeavyRush;WorkerRushPlusPlusLightDefenseRangedDefenseEconomyMilitaryRush
0.898551;128;PORangedRush;POLightRushLightDefenseWorkerDefenseEconomyMilitaryRush
0.972973;128;POLightRush;POLightRushLightDefenseWorkerDefense
-0.869565;128;PORangedRush;RandomBiasedAI
1;128;POWorkerRush;WorkerRushPlusPlusLightDefenseRangedDefense
-0.270588;128;POLightRush;POLightRushPORangedRushRangedDefenseWorkerDefense
-0.337838;128;POLightRush;WorkerRushPlusPlusPORangedRushWorkerDefenseEconomyMilitaryRush
0.72028;128;EconomyRush;LightDefenseWorkerDefense
1;128;POWorkerRush;WorkerRushPlusPlusPORangedRushLightDefense
1;128;POHeavyRush;WorkerRushPlusPlusPOLightRushRangedDefenseWorkerDefense
1;128;POHeavyRush;POLightRushPOHeavyRushLightDefense
1;128;POWorkerRush;POHeavyRushPORangedRushWorkerDefense
1;128;PORangedRush;WorkerRushPlusPlusPOLightRushLightDefenseEconomyMilitaryRush
0.917949;128;POHeavyRush;POHeavyRushLightDefenseRangedDefenseWorkerDefense
-0.363636;128;POLightRush;WorkerRushPlusPlusWorkerDefense
1;128;POHeavyRush;WorkerRushPlusPlusPOLightRushPOHeavyRushLightDefense
-0.0967742;128;POWorkerRush;WorkerRushPlusPlusPOHeavyRushPORangedRushLightDefense
1;128;PORangedRush;PORangedRushRangedDefenseWorkerDefense
1;128;POWorkerRush;WorkerRushPlusPlusWorkerDefenseEconomyMilitaryRush
-0.573487;128;EconomyRush;WorkerRushPlusPlusPOHeavyRushPORangedRushRangedDefense
-0.0798122;128;POLightRush;WorkerRushPlusPlusPOLightRushPOHeavyRushPORangedRush
1;128;POLightRush;RangedDefenseEconomyMilitaryRush
-0.598361;128;EconomyRush;WorkerRushPlusPlusPOHeavyRushLightDefenseWorkerDefense
0.919643;128;PORangedRush;POLightRushWorkerDefense
0.926829;128;POWorkerRush;POLightRushRangedDefenseWorkerDefenseEconomyMilitaryRush
-0.270588;128;POLightRush;PORangedRushLightDefenseRangedDefenseWorkerDefense
1;128;POWorkerRush;WorkerRushPlusPlusLightDefenseRangedDefenseEconomyMilitaryRush
1;128;POHeavyRush;WorkerRushPlusPlusLightDefenseRangedDefense
-0.545763;128;EconomyRush;PORangedRushWorkerDefense
-0.0849057;128;PORangedRush;WorkerRushPlusPlusPOHeavyRushLightDefenseRangedDefense
0.970696;128;POHeavyRush;WorkerRushPlusPlusPORangedRushLightDefense
0.925373;128;PORangedRush;POLightRushPORangedRushEconomyMilitaryRush
1;128;POWorkerRush;POLightRushPOHeavyRushLightDefense
1;128;POWorkerRush;WorkerRushPlusPlusPOLightRushRangedDefenseWorkerDefense
1;128;POHeavyRush;POHeavyRushPORangedRushWorkerDefense
-0.270588;128;POLightRush;WorkerRushPlusPlusPOLightRushPORangedRushRangedDefense
0.230769;128;PORangedRush;WorkerRushPlusPlusPORangedRushLightDefenseWorkerDefense
0.974522;128;PORangedRush;LightDefenseRangedDefenseWorkerDefense
0.356643;128;POWorkerRush;POHeavyRushLightDefenseRangedDefenseWorkerDefense
1;128;POWorkerRush;WorkerRushPlusPlusPOLightRushPOHeavyRushLightDefense
-0.0822511;128;POHeavyRush;WorkerRushPlusPlusPOHeavyRushPORangedRushLightDefense
1;128;POHeavyRush;WorkerRushPlusPlusWorkerDefenseEconomyMilitaryRush
0.230769;128;PORangedRush;WorkerRushPlusPlusPOLightRushPOHeavyRushWorkerDefense
-0.367089;128;POLightRush;WorkerRushPlusPlusPOHeavyRushWorkerDefense
1;128;POHeavyRush;POLightRushRangedDefenseWorkerDefenseEconomyMilitaryRush
1;128;POWorkerRush;WorkerDefenseEconomyMilitaryRush
0.230769;128;PORangedRush;WorkerRushPlusPlusEconomyMilitaryRush
1;128;POHeavyRush;POLightRushPOHeavyRushLightDefenseWorkerDefense
-0.337838;128;POLightRush;WorkerRushPlusPlusLightDefenseRangedDefenseWorkerDefense
0.733333;128;EconomyRush;POLightRushPORangedRushWorkerDefenseEconomyMilitaryRush
1;128;POWorkerRush;POHeavyRushPORangedRushRangedDefenseEconomyMilitaryRush
1;128;POLightRush;POHeavyRushPORangedRushLightDefense
0.908046;128;PORangedRush;RangedDefenseWorkerDefense
0.940299;128;POLightRush;POLightRushPOHeavyRushPORangedRush
1;128;POWorkerRush;LightDefenseRangedDefense
1;128;PORangedRush;POLightRushPOHeavyRushWorkerDefense
1;128;POHeavyRush;POLightRushPOHeavyRush
0.636364;128;EconomyRush;POLightRushRangedDefenseWorkerDefense
0.661017;128;POHeavyRush;PORangedRushLightDefenseWorkerDefenseEconomyMilitaryRush
1;128;POWorkerRush;PORangedRushLightDefenseRangedDefense
1;128;POWorkerRush;RangedDefense
-0.337838;128;POLightRush;WorkerRushPlusPlusPOHeavyRushPORangedRushWorkerDefense
-0.487719;128;EconomyRush;POHeavyRushPORangedRushLightDefenseWorkerDefense
-0.376623;128;POLightRush;WorkerRushPlusPlusRangedDefense
1;128;POWorkerRush;POLightRushLightDefenseEconomyMilitaryRush
-0.493243;128;EconomyRush;PORangedRushRangedDefenseEconomyMilitaryRush
0.79798;128;EconomyRush;POLightRushPOHeavyRushRangedDefense
-0.581921;128;EconomyRush;PORangedRushRangedDefenseWorkerDefenseEconomyMilitaryRush
0.915789;128;EconomyRush;POLightRushPOHeavyRushLightDefenseEconomyMilitaryRush
1;128;POWorkerRush;WorkerRushPlusPlusPOHeavyRushPORangedRush
1;128;POHeavyRush;POHeavyRushRangedDefenseEconomyMilitaryRush
0.9;128;EconomyRush;POLightRushLightDefenseRangedDefense
0.97093;128;POWorkerRush;WorkerRushPlusPlusPORangedRushEconomyMilitaryRush
1;128;POWorkerRush;POLightRushPORangedRush
0.230769;128;PORangedRush;WorkerRushPlusPlusPORangedRush
-0.376623;128;POLightRush;WorkerRushPlusPlus
0.962963;128;PORangedRush;POHeavyRushEconomyMilitaryRush
1;128;PORangedRush;POHeavyRushPORangedRushRangedDefenseWorkerDefense
-0.270588;128;POLightRush;POLightRushPOHeavyRushPORangedRushRangedDefense
1;128;POWorkerRush;LightDefenseWorkerDefense
1;128;EconomyRush;WorkerRushPlusPlusPORangedRushLightDefense
1;128;POLightRush;WorkerRushPlusPlusLightDefenseEconomyMilitaryRush
0.830303;128;EconomyRush;WorkerRushPlusPlusLightDefenseRangedDefense
1;128;PORangedRush;POLightRushPORangedRushRangedDefenseEconomyMilitaryRush
0.607843;128;POHeavyRush;PORangedRushWorkerDefense
1;128;PORangedRush;WorkerRushPlusPlusPORangedRushLightDefenseEconomyMilitaryRush
-0.376623;128;POLightRush;WorkerRushPlusPlusPOHeavyRush
-0.323944;128;EconomyRush;WorkerRushPlusPlusPOHeavyRushPORangedRushLightDefense
-0.654135;128;EconomyRush;WorkerRushPlusPlusWorkerDefenseEconomyMilitaryRush
1;128;POWorkerRush;WorkerRushPlusPlusPOHeavyRushPORangedRushRangedDefense
1;128;PORangedRush;WorkerRushPlusPlusPOHeavyRushEconomyMilitaryRush
0.882883;128;EconomyRush;POHeavyRushPORangedRushWorkerDefense
0.978947;128;POLightRush;POLightRushEconomyMilitaryRush
1;128;PORangedRush;WorkerRushPlusPlusPORangedRushLightDefenseRangedDefense
0.940299;128;POLightRush;POLightRushPORangedRushLightDefense
0.916667;128;EconomyRush;POLightRushRangedDefenseWorkerDefenseEconomyMilitaryRush
-0.337838;128;POLightRush;WorkerRushPlusPlusRangedDefenseWorkerDefenseEconomyMilitaryRush
0.93007;128;PORangedRush;POHeavyRushWorkerDefense
0.938326;128;POLightRush;EconomyMilitaryRush
1;128;POWorkerRush;WorkerRushPlusPlusPOHeavyRushLightDefenseWorkerDefense
-0.337838;128;POLightRush;WorkerRushPlusPlusPOHeavyRushWorkerDefenseEconomyMilitaryRush
0.972125;128;POLightRush;WorkerRushPlusPlusPOLightRushPOHeavyRush
0.971831;128;POHeavyRush;POLightRushPORangedRushWorkerDefenseEconomyMilitaryRush
1;128;POWorkerRush;POLightRushLightDefenseRangedDefenseWorkerDefense
0.714286;128;EconomyRush;POLightRushPOHeavyRushLightDefenseWorkerDefense
0.356643;128;POWorkerRush;POHeavyRush
1;128;PORangedRush;POLightRushPOHeavyRushWorkerDefenseEconomyMilitaryRush
-0.33913;128;EconomyRush;PORangedRushLightDefenseWorkerDefenseEconomyMilitaryRush
1;128;POLightRush;POHeavyRushPORangedRushEconomyMilitaryRush
0.230769;128;PORangedRush;WorkerRushPlusPlusPOLightRushPORangedRushWorkerDefense
1;128;POHeavyRush;POLightRushRangedDefenseWorkerDefense
0.92233;128;EconomyRush;POLightRushPOHeavyRush
1;128;POHeavyRush;POLightRushPOHeavyRushLightDefenseEconomyMilitaryRush
0.898551;128;PORangedRush;WorkerRushPlusPlusPOLightRushLightDefenseRangedDefense
0.913043;128;POHeavyRush;POHeavyRushPORangedRushLightDefenseWorkerDefense
0.96139;128;POLightRush;POHeavyRushWorkerDefenseEconomyMilitaryRush
1;128;POHeavyRush;PORangedRushRangedDefenseEconomyMilitaryRush
0.45749;128;POLightRush;WorkerRushPlusPlusPOLightRushPORangedRushEconomyMilitaryRush
1;128;POHeavyRush;POLightRushPOHeavyRushRangedDefense
1;128;POWorkerRush;POLightRushPORangedRushLightDefenseRangedDefense
0.607843;128;POHeavyRush;PORangedRushRangedDefenseWorkerDefenseEconomyMilitaryRush
1;128;POWorkerRush;POHeavyRushLightDefense
-0.0798122;128;POLightRush;WorkerRushPlusPlusPOLightRushPOHeavyRushRangedDefense
0.940299;128;POLightRush;POLightRushPOHeavyRushPORangedRushWorkerDefense
1;128;POHeavyRush;POLightRushLightDefenseRangedDefense
0.949749;128;EconomyRush;POHeavyRushRangedDefenseEconomyMilitaryRush
1;128;EconomyRush;WorkerRushPlusPlusPORangedRushLightDefenseEconomyMilitaryRush
-0.56213;128;EconomyRush;POLightRushPORangedRushRangedDefenseEconomyMilitaryRush
-0.270588;128;POLightRush;PORangedRush
1;128;PORangedRush;WorkerRushPlusPlusLightDefenseRangedDefense
1;128;POHeavyRush;POLightRushPORangedRushEconomyMilitaryRush
-0.0822511;128;POHeavyRush;WorkerRushPlusPlusPOHeavyRushLightDefenseRangedDefense
1;128;PORangedRush;WorkerRushPlusPlusPORangedRushLightDefense
-0.508417;128;EconomyRush;POHeavyRushPORangedRushRangedDefenseWorkerDefense
0.932203;128;EconomyRush;POHeavyRushEconomyMilitaryRush
1;128;POWorkerRush;POLightRushLightDefenseWorkerDefenseEconomyMilitaryRush
-0.651246;128;EconomyRush;WorkerRushPlusPlusPORangedRush
-0.272727;128;POLightRush;WorkerRushPlusPlusPORangedRushRangedDefenseEconomyMilitaryRush
-0.808;128;POWorkerRush;RandomBiasedAI
1;128;POHeavyRush;WorkerRushPlusPlusPOLightRushPOHeavyRushWorkerDefense
-0.602273;128;EconomyRush;POHeavyRushWorkerDefense
1;128;PORangedRush;POLightRushRangedDefenseWorkerDefenseEconomyMilitaryRush
1;128;POWorkerRush;POLightRushWorkerDefense
-0.59882;128;EconomyRush;WorkerRushPlusPlusPORangedRushLightDefenseRangedDefense
1;128;POWorkerRush;WorkerRushPlusPlusPOLightRushLightDefenseEconomyMilitaryRush
1;128;POHeavyRush;WorkerRushPlusPlusPORangedRushLightDefenseWorkerDefense
1;128;POHeavyRush;LightDefenseRangedDefenseWorkerDefense
0.940299;128;POLightRush;POLightRushLightDefense
1;128;PORangedRush;POHeavyRushPORangedRushWorkerDefense
1;128;EconomyRush;WorkerRushPlusPlusPOHeavyRushEconomyMilitaryRush
0.230769;128;PORangedRush;WorkerRushPlusPlusWorkerDefenseEconomyMilitaryRush
1;128;POWorkerRush;PORangedRushRangedDefenseWorkerDefense
-0.0849057;128;PORangedRush;WorkerRushPlusPlusPOHeavyRushPORangedRushLightDefense
-0.376623;128;POLightRush;WorkerDefense
1;128;PORangedRush;POLightRushPOHeavyRush
1;128;POHeavyRush;POLightRushPOHeavyRushWorkerDefense
-0.632353;128;EconomyRush;WorkerRushPlusPlusPOLightRushPORangedRushWorkerDefense
0.6875;128;POLightRush;POHeavyRushRangedDefenseWorkerDefenseEconomyMilitaryRush
1;128;PORangedRush;PORangedRushLightDefenseWorkerDefenseEconomyMilitaryRush
0.381443;128;EconomyRush;POLightRushPOHeavyRushWorkerDefenseEconomyMilitaryRush
0.986622;128;POLightRush;WorkerRushPlusPlusPOLightRushPORangedRush
-0.337838;128;POLightRush;WorkerRushPlusPlusPOHeavyRushRangedDefenseWorkerDefense
1;128;POWorkerRush;LightDefenseRangedDefenseEconomyMilitaryRush
0.898551;128;PORangedRush;POLightRushPOHeavyRushLightDefenseWorkerDefense
1;128;POHeavyRush;WorkerRushPlusPlusEconomyMilitaryRush
0.0563381;128;POHeavyRush;RangedDefenseWorkerDefense
1;128;POWorkerRush;POLightRushPORangedRushWorkerDefense
0.939914;128;PORangedRush;POHeavyRushRangedDefenseEconomyMilitaryRush
1;128;POWorkerRush;WorkerRushPlusPlusPOLightRushPOHeavyRushEconomyMilitaryRush
0.566265;128;EconomyRush;WorkerRushPlusPlusPOLightRushLightDefenseRangedDefense
1;128;POWorkerRush;LightDefense
0.849057;128;EconomyRush;POLightRushPORangedRushEconomyMilitaryRush
-0.323944;128;EconomyRush;WorkerRushPlusPlusPOHeavyRushLightDefenseRangedDefense
0.873418;128;POLightRush;WorkerRushPlusPlusPOLightRushEconomyMilitaryRush
0.607843;128;POHeavyRush;POHeavyRushPORangedRushRangedDefenseWorkerDefense
0.980392;128;POHeavyRush;WorkerRushPlusPlusPORangedRushLightDefenseEconomyMilitaryRush
1;128;POWorkerRush;PORangedRushLightDefenseWorkerDefense
1;128;PORangedRush;PORangedRushWorkerDefense
0.607843;128;POHeavyRush;POLightRushPORangedRushRangedDefenseEconomyMilitaryRush
1;128;POHeavyRush;WorkerRushPlusPlusPORangedRush
-0.376623;128;POLightRush;WorkerRushPlusPlusPORangedRushWorkerDefense
0.982456;128;POHeavyRush;POHeavyRushEconomyMilitaryRush
-0.337838;128;POLightRush;WorkerRushPlusPlusPOLightRushWorkerDefenseEconomyMilitaryRush
1;128;POLightRush;WorkerRushPlusPlusPOHeavyRushPORangedRushEconomyMilitaryRush
1;128;POWorkerRush;LightDefenseWorkerDefenseEconomyMilitaryRush
0.851852;128;POLightRush;WorkerRushPlusPlusPOHeavyRushLightDefense
0.890909;128;POLightRush;PORangedRushLightDefense
-0.561404;128;EconomyRush;WorkerRushPlusPlusPOLightRushPOHeavyRushWorkerDefense
0.913043;128;POHeavyRush;POHeavyRushWorkerDefense
-0.367742;128;POLightRush;WorkerRushPlusPlusPOLightRushWorkerDefense
-0.270588;128;POLightRush;POHeavyRushPORangedRushLightDefenseRangedDefense
1;128;POWorkerRush;POLightRushPOHeavyRushLightDefenseRangedDefense
0.607843;128;POHeavyRush;WorkerRushPlusPlusPORangedRushLightDefenseRangedDefense
0.869919;128;EconomyRush;LightDefenseRangedDefenseWorkerDefense
-0.6337;128;EconomyRush;WorkerRushPlusPlusPORangedRushLightDefenseWorkerDefense
1;128;POLightRush;PORangedRushLightDefenseEconomyMilitaryRush
0.981982;128;POHeavyRush;WorkerRushPlusPlusPOHeavyRushEconomyMilitaryRush
1;128;POHeavyRush;POLightRushPOHeavyRushWorkerDefenseEconomyMilitaryRush
0.921053;128;PORangedRush;POLightRushRangedDefenseWorkerDefense
0.45749;128;POLightRush;WorkerRushPlusPlusPOLightRushRangedDefenseEconomyMilitaryRush
0.892857;128;EconomyRush;POLightRushPOHeavyRushWorkerDefense
1;128;POHeavyRush;WorkerRushPlusPlusPOLightRushPORangedRushWorkerDefense
-0.574766;128;EconomyRush;RangedDefenseWorkerDefense
1;128;PORangedRush;POLightRushPORangedRushWorkerDefenseEconomyMilitaryRush
-0.337838;128;POLightRush;WorkerRushPlusPlusPORangedRushRangedDefenseWorkerDefense
1;128;POWorkerRush;WorkerRushPlusPlusPOLightRushPORangedRushLightDefense
1;128;POWorkerRush;LightDefenseEconomyMilitaryRush
-0.659864;128;EconomyRush;WorkerRushPlusPlusEconomyMilitaryRush
1;128;POWorkerRush;POLightRushPOHeavyRushPORangedRushEconomyMilitaryRush
0.982533;128;POLightRush;POLightRushWorkerDefenseEconomyMilitaryRush
0.983122;128;POWorkerRush;POHeavyRushLightDefenseWorkerDefense
0.930556;128;PORangedRush;POLightRushLightDefenseRangedDefense
1;128;POHeavyRush;WorkerRushPlusPlusPOLightRushLightDefenseRangedDefense
0.898551;128;PORangedRush;POLightRushPOHeavyRushLightDefenseEconomyMilitaryRush
1;128;PORangedRush;PORangedRushRangedDefenseWorkerDefenseEconomyMilitaryRush
1;128;POLightRush;POHeavyRushPORangedRush
1;128;PORangedRush;POLightRushPOHeavyRushRangedDefense
1;128;PORangedRush;PORangedRushRangedDefenseEconomyMilitaryRush
0.93007;128;PORangedRush;POHeavyRushPORangedRushLightDefenseWorkerDefense
-0.270588;128;POLightRush;POLightRushPORangedRushRangedDefense
-0.194631;128;POWorkerRush;POHeavyRushPORangedRushWorkerDefenseEconomyMilitaryRush
0.971631;128;POWorkerRush;POLightRushPOHeavyRushWorkerDefenseEconomyMilitaryRush
1;128;POWorkerRush;WorkerRushPlusPlusPOLightRushPORangedRushWorkerDefense
0.921053;128;PORangedRush;POLightRushLightDefenseRangedDefenseWorkerDefense
1;128;POHeavyRush;WorkerRushPlusPlusPOLightRushPORangedRushLightDefense
0.93007;128;PORangedRush;POHeavyRush
0.931915;128;EconomyRush;LightDefenseRangedDefenseEconomyMilitaryRush
1;128;POHeavyRush;LightDefenseEconomyMilitaryRush
1;128;POHeavyRush;POLightRushPOHeavyRushPORangedRushEconomyMilitaryRush
1;128;PORangedRush;POHeavyRushLightDefense
0.578947;128;EconomyRush;POLightRushPORangedRushWorkerDefense
1;128;POHeavyRush;POHeavyRushLightDefenseWorkerDefense
-0.108434;128;POLightRush;WorkerRushPlusPlusPOHeavyRushLightDefenseEconomyMilitaryRush
0.861635;128;EconomyRush;WorkerRushPlusPlusPOLightRushPOHeavyRushEconomyMilitaryRush
0.826087;128;EconomyRush;LightDefense
1;128;POWorkerRush;WorkerRushPlusPlusPOLightRushLightDefenseRangedDefense
0.940299;128;POLightRush;POLightRushRangedDefense
0.898551;128;PORangedRush;POLightRushPORangedRushLightDefenseRangedDefense
-0.364706;128;POLightRush;WorkerRushPlusPlusPOLightRush
0.940299;128;POLightRush;POLightRushPORangedRushLightDefenseWorkerDefense
0.927007;128;POHeavyRush;POHeavyRushPORangedRushWorkerDefenseEconomyMilitaryRush
0.921053;128;PORangedRush;LightDefenseWorkerDefense
1;128;POLightRush;POHeavyRushLightDefenseEconomyMilitaryRush
1;128;POWorkerRush;POHeavyRushPORangedRushRangedDefenseWorkerDefense
0.940299;128;POLightRush;POLightRushPOHeavyRushRangedDefenseWorkerDefense
1;128;POWorkerRush;WorkerRushPlusPlusPORangedRushLightDefenseEconomyMilitaryRush
1;128;POWorkerRush;POLightRushPORangedRushRangedDefenseEconomyMilitaryRush
0.962963;128;POHeavyRush;PORangedRushLightDefenseWorkerDefense
1;128;POWorkerRush;WorkerRushPlusPlusPORangedRush
0.940299;128;POLightRush;POLightRushLightDefenseRangedDefenseEconomyMilitaryRush
0.940299;128;POLightRush;POLightRushPOHeavyRushPORangedRushLightDefense
-0.729231;128;EconomyRush;RandomBiasedAI
1;128;POWorkerRush;POHeavyRushEconomyMilitaryRush
1;128;EconomyRush;POLightRushLightDefenseWorkerDefenseEconomyMilitaryRush
-0.270588;128;POLightRush;PORangedRushLightDefenseRangedDefenseEconomyMilitaryRush
1;128;EconomyRush;POLightRushWorkerDefense
1;128;POHeavyRush;LightDefenseWorkerDefenseEconomyMilitaryRush
-0.178571;128;POLightRush;POHeavyRushPORangedRushRangedDefense
0.230769;128;PORangedRush;WorkerRushPlusPlusPOHeavyRushLightDefenseWorkerDefense
0.356643;128;POWorkerRush;POHeavyRushWorkerDefense
1;128;PORangedRush;WorkerRushPlusPlusPOHeavyRushPORangedRushRangedDefense
-0.551155;128;EconomyRush;PORangedRushRangedDefenseWorkerDefense
1;128;POHeavyRush;POLightRushPOHeavyRushLightDefenseRangedDefense
1;128;POWorkerRush;WorkerRushPlusPlusPORangedRushLightDefenseRangedDefense
1;128;EconomyRush;WorkerRushPlusPlusPOLightRushLightDefenseEconomyMilitaryRush
0.983264;128;POWorkerRush;WorkerRushPlusPlusPOHeavyRushEconomyMilitaryRush
0.940299;128;POLightRush;POLightRushPOHeavyRushRangedDefenseEconomyMilitaryRush
1;128;POWorkerRush;POLightRushPOHeavyRushWorkerDefense
-0.337838;128;POLightRush;WorkerRushPlusPlusLightDefenseWorkerDefenseEconomyMilitaryRush
0.908046;128;PORangedRush;RangedDefense
1;128;PORangedRush;PORangedRushLightDefenseRangedDefense
1;128;POLightRush;POHeavyRushRangedDefenseWorkerDefense
0.72028;128;EconomyRush;WorkerRushPlusPlusPOLightRushPORangedRushLightDefense
0.929204;128;EconomyRush;LightDefenseEconomyMilitaryRush
1;128;POHeavyRush;LightDefenseRangedDefenseEconomyMilitaryRush
0.230769;128;PORangedRush;WorkerDefenseEconomyMilitaryRush
1;128;POWorkerRush;WorkerRushPlusPlusEconomyMilitaryRush
-0.270588;128;POLightRush;PORangedRushRangedDefense
0.940299;128;POLightRush;POLightRushRangedDefenseEconomyMilitaryRush
0.943262;128;PORangedRush;LightDefenseRangedDefense
1;128;POWorkerRush;RangedDefenseWorkerDefense
1;128;PORangedRush;POHeavyRushPORangedRushRangedDefenseEconomyMilitaryRush
0.0643777;128;POLightRush;WorkerRushPlusPlusRangedDefenseEconomyMilitaryRush
1;128;PORangedRush;WorkerRushPlusPlusPORangedRushEconomyMilitaryRush
1;128;POLightRush;POHeavyRushPORangedRushLightDefenseEconomyMilitaryRush
1;128;POHeavyRush;POLightRushPORangedRushWorkerDefense
-0.0334572;128;EconomyRush;POHeavyRushLightDefenseWorkerDefense
1;128;PORangedRush;WorkerRushPlusPlusPOHeavyRushPORangedRush
-0.148936;128;POHeavyRush;WorkerRushPlusPlusPOLightRushPOHeavyRushEconomyMilitaryRush
0.898551;128;PORangedRush;POLightRushPORangedRush
0.578947;128;EconomyRush;POLightRushPOHeavyRushPORangedRushEconomyMilitaryRush
0.898551;128;PORangedRush;POLightRushLightDefenseEconomyMilitaryRush
1;128;POLightRush;WorkerRushPlusPlusPOLightRushRangedDefense
-0.552239;128;EconomyRush;POHeavyRushPORangedRushWorkerDefenseEconomyMilitaryRush
1;128;POHeavyRush;LightDefense
0.940299;128;POLightRush;POLightRushPOHeavyRushEconomyMilitaryRush
0.840491;128;EconomyRush;PORangedRushLightDefenseWorkerDefense
-0.363057;128;POLightRush;WorkerRushPlusPlusLightDefense
0.940299;128;POLightRush;POLightRushPORangedRushLightDefenseEconomyMilitaryRush
1;128;POWorkerRush;POLightRushPORangedRushEconomyMilitaryRush
0.230769;128;PORangedRush;WorkerRushPlusPlusPOLightRushRangedDefenseWorkerDefense
0.898551;128;PORangedRush;POLightRushPOHeavyRushLightDefense
-0.0967742;128;POWorkerRush;WorkerRushPlusPlusPOHeavyRushLightDefenseRangedDefense
1;128;POHeavyRush;POLightRushLightDefenseWorkerDefenseEconomyMilitaryRush
1;128;PORangedRush;WorkerRushPlusPlusLightDefenseRangedDefenseEconomyMilitaryRush
0.898551;128;POLightRush;POHeavyRushLightDefenseWorkerDefenseEconomyMilitaryRush
-0.886525;128;POHeavyRush;RandomBiasedAI
-0.367742;128;POLightRush;WorkerRushPlusPlusLightDefenseWorkerDefense
1;128;POWorkerRush;WorkerRushPlusPlusPOLightRushPOHeavyRushWorkerDefense
1;128;POHeavyRush;POLightRushWorkerDefense
1;128;EconomyRush;LightDefenseWorkerDefenseEconomyMilitaryRush
0.855596;128;POLightRush;RangedDefenseWorkerDefenseEconomyMilitaryRush
0.393939;128;EconomyRush;POLightRushPOHeavyRushLightDefenseRangedDefense
0.879195;128;PORangedRush;POHeavyRushLightDefenseRangedDefenseWorkerDefense
1;128;POWorkerRush;WorkerRushPlusPlusPORangedRushLightDefenseWorkerDefense
1;128;POWorkerRush;LightDefenseRangedDefenseWorkerDefense
1;128;POHeavyRush;WorkerRushPlusPlusPOLightRushLightDefenseEconomyMilitaryRush
0.863248;128;POHeavyRush;PORangedRushRangedDefenseWorkerDefense
0.898551;128;PORangedRush;WorkerRushPlusPlusPOLightRushPOHeavyRushLightDefense
1;128;POWorkerRush;WorkerDefense
1;128;POHeavyRush;POLightRushPOHeavyRushRangedDefenseEconomyMilitaryRush
-0.194631;128;POWorkerRush;POHeavyRushRangedDefenseWorkerDefenseEconomyMilitaryRush
1;128;POHeavyRush;POHeavyRushRangedDefenseWorkerDefense
0.898551;128;PORangedRush;WorkerRushPlusPlusPOLightRushLightDefense
1;128;POHeavyRush;WorkerRushPlusPlusLightDefenseWorkerDefenseEconomyMilitaryRush
1;128;POWorkerRush;WorkerRushPlusPlusPOHeavyRushRangedDefenseWorkerDefense
1;128;POWorkerRush;WorkerRushPlusPlusPOLightRushPORangedRush
1;128;POLightRush;LightDefenseRangedDefenseEconomyMilitaryRush
1;128;POHeavyRush;POLightRushRangedDefenseEconomyMilitaryRush
0.607843;128;POHeavyRush;PORangedRushRangedDefense
0.97411;128;POHeavyRush;WorkerRushPlusPlusRangedDefenseEconomyMilitaryRush
0.230769;128;PORangedRush;WorkerRushPlusPlusPOLightRushLightDefenseWorkerDefense
1;128;POLightRush;POLightRushPORangedRushWorkerDefense
0.913043;128;POHeavyRush;POHeavyRushPORangedRushLightDefenseEconomyMilitaryRush
0.964286;128;EconomyRush;WorkerRushPlusPlusPOHeavyRushLightDefenseEconomyMilitaryRush
-0.108434;128;POLightRush;WorkerRushPlusPlusPOLightRushPOHeavyRushEconomyMilitaryRush
-0.545455;128;EconomyRush;WorkerRushPlusPlusPOLightRush
1;128;POHeavyRush;WorkerRushPlusPlusPOLightRushRangedDefense
0.756757;128;EconomyRush;POLightRushPORangedRushLightDefenseWorkerDefense
0.940299;128;POLightRush;LightDefense
1;128;POHeavyRush;POLightRushPOHeavyRushEconomyMilitaryRush
0.890411;128;EconomyRush;POLightRushRangedDefense
1;128;PORangedRush;POLightRushPORangedRushRangedDefenseWorkerDefense
0.735099;128;EconomyRush;POLightRushPOHeavyRushRangedDefenseWorkerDefense
1;128;POWorkerRush;PORangedRush
1;128;POHeavyRush;WorkerRushPlusPlusLightDefense
1;128;POHeavyRush;POLightRushPORangedRushLightDefenseEconomyMilitaryRush
1;128;EconomyRush;POHeavyRushLightDefenseEconomyMilitaryRush
0.230769;128;PORangedRush;WorkerRushPlusPlusPORangedRushWorkerDefenseEconomyMilitaryRush
0.940299;128;POLightRush;POLightRushLightDefenseWorkerDefenseEconomyMilitaryRush
0.878378;128;POHeavyRush;POHeavyRushLightDefenseWorkerDefenseEconomyMilitaryRush
0.93007;128;PORangedRush;POHeavyRushLightDefenseRangedDefenseEconomyMilitaryRush
-0.626062;128;EconomyRush;PORangedRushLightDefenseRangedDefenseEconomyMilitaryRush
1;128;POWorkerRush;WorkerRushPlusPlusPORangedRushRangedDefenseEconomyMilitaryRush
0.538462;128;EconomyRush;POLightRushPOHeavyRushPORangedRushLightDefense
0.642384;128;EconomyRush;POLightRushLightDefenseRangedDefenseEconomyMilitaryRush
1;128;PORangedRush;POLightRushLightDefenseWorkerDefense
1;128;POHeavyRush;WorkerRushPlusPlusLightDefenseWorkerDefense
-0.861538;128;POLightRush;RandomBiasedAI
-0.526132;128;EconomyRush;POHeavyRushPORangedRushRangedDefense
-0.0849057;128;PORangedRush;WorkerRushPlusPlusPOLightRushPOHeavyRushPORangedRush
0.946667;128;PORangedRush;RangedDefenseEconomyMilitaryRush
1;128;POHeavyRush;RangedDefenseWorkerDefenseEconomyMilitaryRush
1;128;POLightRush;POLightRushWorkerDefense
1;128;POWorkerRush;POLightRushLightDefense
0.945205;128;POLightRush;WorkerRushPlusPlusPOLightRushLightDefenseEconomyMilitaryRush
-0.270588;128;POLightRush;PORangedRushRangedDefenseWorkerDefense
0.230769;128;PORangedRush;WorkerRushPlusPlusWorkerDefense
0.946488;128;EconomyRush;POHeavyRushRangedDefenseWorkerDefense
-0.651246;128;EconomyRush;WorkerRushPlusPlusLightDefenseWorkerDefenseEconomyMilitaryRush
1;128;POWorkerRush;WorkerRushPlusPlusPOLightRushRangedDefenseEconomyMilitaryRush
0.782313;128;EconomyRush;POLightRushPOHeavyRushRangedDefenseEconomyMilitaryRush
0.548023;128;EconomyRush;POLightRushRangedDefenseEconomyMilitaryRush
-0.519713;128;EconomyRush;PORangedRushRangedDefense
-0.538462;128;EconomyRush;WorkerRushPlusPlusRangedDefenseEconomyMilitaryRush
1;128;POWorkerRush;WorkerRushPlusPlusPORangedRushRangedDefenseWorkerDefense
0.940299;128;POLightRush;WorkerRushPlusPlusPOLightRushPORangedRushLightDefense
0.966942;128;POLightRush;LightDefenseEconomyMilitaryRush
0.940299;128;POLightRush;POLightRushPOHeavyRushPORangedRushEconomyMilitaryRush
1;128;POWorkerRush;POLightRushWorkerDefenseEconomyMilitaryRush
-0.587879;128;EconomyRush;POHeavyRushPORangedRushLightDefenseEconomyMilitaryRush
1;128;PORangedRush;WorkerRushPlusPlusPORangedRushRangedDefense
-0.148936;128;POHeavyRush;WorkerRushPlusPlusPOHeavyRushLightDefenseEconomyMilitaryRush
1;128;POLightRush;POHeavyRushLightDefenseWorkerDefense
1;128;EconomyRush;POLightRushPOHeavyRushEconomyMilitaryRush
1;128;POHeavyRush;POLightRushRangedDefense
1;128;POHeavyRush;WorkerRushPlusPlusPOLightRush
1;128;POWorkerRush;POHeavyRushPORangedRush
0.393939;128;POLightRush;POHeavyRushPORangedRushWorkerDefenseEconomyMilitaryRush
1;128;POWorkerRush;POLightRushPORangedRushRangedDefense
1;128;EconomyRush;WorkerRushPlusPlusPOLightRushRangedDefense
1;128;POHeavyRush;POLightRushPORangedRushLightDefenseWorkerDefense
1;128;PORangedRush;PORangedRushEconomyMilitaryRush
0.969789;128;POWorkerRush;WorkerRushPlusPlusPOLightRushEconomyMilitaryRush
0.913043;128;POHeavyRush;POHeavyRushLightDefenseEconomyMilitaryRush
1;128;POHeavyRush;POLightRushPOHeavyRushRangedDefenseWorkerDefense
1;128;PORangedRush;PORangedRushWorkerDefenseEconomyMilitaryRush
-0.64751;128;EconomyRush;WorkerRushPlusPlusLightDefense
1;128;POLightRush;PORangedRushLightDefenseWorkerDefense
1;128;EconomyRush;POLightRushPORangedRushLightDefenseEconomyMilitaryRush
1;128;POWorkerRush;WorkerRushPlusPlusPORangedRushWorkerDefense
1;128;POHeavyRush;POLightRushPOHeavyRushPORangedRushLightDefense
1;128;POHeavyRush;POLightRushLightDefenseRangedDefenseEconomyMilitaryRush
-0.615686;128;EconomyRush;WorkerRushPlusPlusLightDefenseWorkerDefense
1;128;PORangedRush;WorkerRushPlusPlusPOHeavyRushRangedDefense
1;128;POWorkerRush;WorkerRushPlusPlusPOLightRushWorkerDefenseEconomyMilitaryRush
0.898551;128;PORangedRush;POLightRush
0.663866;128;EconomyRush;POHeavyRushLightDefenseWorkerDefenseEconomyMilitaryRush
0.607843;128;POHeavyRush;PORangedRushLightDefenseRangedDefenseEconomyMilitaryRush
0.966102;128;PORangedRush;POHeavyRushLightDefenseRangedDefense
0.230769;128;PORangedRush;WorkerRushPlusPlusRangedDefenseWorkerDefense
-0.0530612;128;POWorkerRush;WorkerRushPlusPlusPOHeavyRushPORangedRushEconomyMilitaryRush
1;128;POLightRush;LightDefenseWorkerDefenseEconomyMilitaryRush
-0.0117647;128;PORangedRush;WorkerRushPlusPlusPOHeavyRushRangedDefenseEconomyMilitaryRush
0.623188;128;EconomyRush;RangedDefenseWorkerDefenseEconomyMilitaryRush
1;128;POWorkerRush;PORangedRushLightDefense
0.970501;128;POWorkerRush;WorkerRushPlusPlusPOHeavyRushLightDefense
0.607843;128;POHeavyRush;POHeavyRushPORangedRushRangedDefense
1;128;POWorkerRush;WorkerRushPlusPlusPOLightRushWorkerDefense
1;128;PORangedRush;POHeavyRushRangedDefense
1;128;POWorkerRush;POHeavyRushPORangedRushLightDefenseRangedDefense
0.940299;128;POLightRush;POLightRushPOHeavyRushLightDefenseRangedDefense
1;128;PORangedRush;LightDefenseRangedDefenseWorkerDefenseEconomyMilitaryRush
1;128;POWorkerRush;PORangedRushLightDefenseEconomyMilitaryRush
1;128;PORangedRush;WorkerRushPlusPlusLightDefenseEconomyMilitaryRush
-0.270588;128;POLightRush;POHeavyRushPORangedRushRangedDefenseWorkerDefense
1;128;POHeavyRush;WorkerRushPlusPlusPOLightRushEconomyMilitaryRush
1;128;PORangedRush;POLightRushPOHeavyRushPORangedRushRangedDefense
1;128;POWorkerRush;POHeavyRushLightDefenseEconomyMilitaryRush
0.45749;128;POLightRush;WorkerRushPlusPlusPORangedRushLightDefenseEconomyMilitaryRush
1;128;POWorkerRush;POLightRushPOHeavyRushRangedDefenseWorkerDefense
-0.605333;128;EconomyRush;PORangedRush
-0.270588;128;POLightRush;POLightRushPORangedRushRangedDefenseEconomyMilitaryRush
1;128;POHeavyRush;WorkerRushPlusPlusPORangedRushWorkerDefense
1;128;POWorkerRush;POLightRushPOHeavyRushPORangedRushLightDefense
-0.631902;128;EconomyRush;WorkerRushPlusPlusPORangedRushRangedDefenseEconomyMilitaryRush
-0.341772;128;POLightRush;WorkerRushPlusPlusPORangedRush
1;128;POWorkerRush;POLightRushLightDefenseRangedDefenseEconomyMilitaryRush
1;128;POHeavyRush;WorkerRushPlusPlusPOLightRushWorkerDefenseEconomyMilitaryRush
1;128;POLightRush;POHeavyRushEconomyMilitaryRush
0.230769;128;PORangedRush;WorkerRushPlusPlus
1;128;POWorkerRush;PORangedRushLightDefenseRangedDefenseEconomyMilitaryRush
0.230769;128;PORangedRush;WorkerRushPlusPlusRangedDefenseWorkerDefenseEconomyMilitaryRush
-0.174242;128;POHeavyRush;WorkerRushPlusPlusPOHeavyRushPORangedRushEconomyMilitaryRush
0.230769;128;PORangedRush;WorkerRushPlusPlusPOHeavyRushWorkerDefenseEconomyMilitaryRush
1;128;POWorkerRush;POHeavyRushPORangedRushRangedDefense
0.918129;128;POHeavyRush;PORangedRushLightDefense
0.962406;128;POHeavyRush;WorkerRushPlusPlusPOHeavyRushLightDefense
1;128;POLightRush;POHeavyRushWorkerDefense
0.965065;128;PORangedRush;EconomyMilitaryRush
1;128;POHeavyRush;WorkerRushPlusPlusPOLightRushWorkerDefense
0.230769;128;PORangedRush;WorkerRushPlusPlusPOHeavyRush
1;128;PORangedRush;POLightRushEconomyMilitaryRush
-0.270588;128;POLightRush;WorkerRushPlusPlusPORangedRushLightDefenseRangedDefense
0.898551;128;PORangedRush;POLightRushPORangedRushLightDefense
0.607843;128;POHeavyRush;POHeavyRushPORangedRushLightDefenseRangedDefense
0.661017;128;EconomyRush;POLightRushLightDefense
1;128;POLightRush;WorkerRushPlusPlusPOHeavyRushEconomyMilitaryRush
1;128;POHeavyRush;PORangedRushLightDefenseEconomyMilitaryRush
-0.533569;128;EconomyRush;POHeavyRushRangedDefenseWorkerDefenseEconomyMilitaryRush
1;128;POLightRush;POLightRushPOHeavyRushWorkerDefenseEconomyMilitaryRush
0.983333;128;POHeavyRush;WorkerRushPlusPlusPOLightRushRangedDefenseEconomyMilitaryRush
-0.576271;128;EconomyRush;WorkerDefense
0.937778;128;PORangedRush;POHeavyRushPORangedRushEconomyMilitaryRush
-0.337838;128;POLightRush;WorkerRushPlusPlusPOLightRushPORangedRushWorkerDefense
1;128;PORangedRush;WorkerRushPlusPlusPOLightRushPOHeavyRush
1;128;POHeavyRush;WorkerRushPlusPlusPORangedRushRangedDefenseWorkerDefense
-0.595142;128;EconomyRush;WorkerRushPlusPlusPOHeavyRushRangedDefenseWorkerDefense
-0.333333;128;EconomyRush;WorkerRushPlusPlusPOLightRushPORangedRush
-0.0849057;128;PORangedRush;WorkerRushPlusPlusPOLightRushPOHeavyRushRangedDefense
1;128;POHeavyRush;POLightRushWorkerDefenseEconomyMilitaryRush
0.898551;128;PORangedRush;POLightRushPOHeavyRushPORangedRushWorkerDefense
1;128;POWorkerRush;WorkerRushPlusPlusPOHeavyRushLightDefenseEconomyMilitaryRush
0.940299;128;POLightRush;WorkerRushPlusPlusPOLightRushLightDefenseRangedDefense
1;128;POWorkerRush;POLightRushRangedDefense
1;128;POWorkerRush;WorkerRushPlusPlusPOLightRush
1;128;POHeavyRush;POHeavyRushPORangedRush
1;128;PORangedRush;POHeavyRushWorkerDefenseEconomyMilitaryRush
0.607843;128;POHeavyRush;POLightRushPORangedRushRangedDefense
1;128;PORangedRush;WorkerRushPlusPlusPOLightRushPORangedRushEconomyMilitaryRush
1;128;POWorkerRush;POLightRushPORangedRushLightDefenseWorkerDefense
0.607843;128;POHeavyRush;PORangedRush
1;128;POWorkerRush;WorkerRushPlusPlusLightDefense
1;128;POWorkerRush;POLightRushPORangedRushLightDefenseEconomyMilitaryRush
-0.0798122;128;POLightRush;WorkerRushPlusPlusPOHeavyRushLightDefenseRangedDefense
1;128;POLightRush;POLightRushPORangedRushEconomyMilitaryRush
1;128;EconomyRush;WorkerRushPlusPlusPOLightRushEconomyMilitaryRush
-0.643636;128;EconomyRush;WorkerRushPlusPlusPOLightRushWorkerDefenseEconomyMilitaryRush
0.908046;128;PORangedRush;PORangedRushLightDefenseRangedDefenseWorkerDefense
1;128;POWorkerRush;POHeavyRushLightDefenseWorkerDefenseEconomyMilitaryRush
1;128;POHeavyRush;WorkerRushPlusPlusPORangedRushRangedDefenseEconomyMilitaryRush
-0.59292;128;EconomyRush;WorkerRushPlusPlusPORangedRushWorkerDefense
1;128;POWorkerRush;WorkerRushPlusPlusLightDefenseWorkerDefense
-0.337838;128;POLightRush;WorkerRushPlusPlusPOLightRushPOHeavyRushWorkerDefense
0.897436;128;EconomyRush;WorkerRushPlusPlusPOHeavyRushLightDefense
-0.534884;128;EconomyRush;PORangedRushLightDefense
0.230769;128;PORangedRush;WorkerRushPlusPlusPOHeavyRushWorkerDefense
1;128;EconomyRush;WorkerRushPlusPlusPOHeavyRushPORangedRushEconomyMilitaryRush
1;128;POWorkerRush;RangedDefenseWorkerDefenseEconomyMilitaryRush
-0.6;128;EconomyRush;POHeavyRushPORangedRushLightDefenseRangedDefense
1;128;EconomyRush;PORangedRushLightDefenseEconomyMilitaryRush
1;128;POHeavyRush;POLightRushLightDefense
1;128;PORangedRush;WorkerRushPlusPlusPOLightRushPORangedRushRangedDefense
1;128;POLightRush;LightDefenseRangedDefenseWorkerDefense
-0.337838;128;POLightRush;WorkerRushPlusPlusPORangedRushLightDefenseWorkerDefense
-0.649123;128;EconomyRush;WorkerRushPlusPlusPOLightRushWorkerDefense
1;128;EconomyRush;WorkerRushPlusPlusPOLightRushRangedDefenseEconomyMilitaryRush
1;128;POHeavyRush;WorkerDefense
1;128;POLightRush;POLightRushPOHeavyRushWorkerDefense
1;128;POWorkerRush;POLightRushPOHeavyRushRangedDefenseEconomyMilitaryRush
0.927007;128;POHeavyRush;POHeavyRushRangedDefenseWorkerDefenseEconomyMilitaryRush
1;128;POWorkerRush;POHeavyRushRangedDefenseWorkerDefense
1;128;POWorkerRush;WorkerRushPlusPlusLightDefenseWorkerDefenseEconomyMilitaryRush
0.230769;128;PORangedRush;WorkerRushPlusPlusPOHeavyRushPORangedRushWorkerDefense
0.230769;128;PORangedRush;WorkerRushPlusPlusLightDefenseRangedDefenseWorkerDefense
1;128;POHeavyRush;WorkerRushPlusPlusPOHeavyRushRangedDefenseWorkerDefense
1;128;POHeavyRush;WorkerRushPlusPlusPOLightRushPORangedRush
-0.376623;128;POLightRush;WorkerRushPlusPlusEconomyMilitaryRush
1;128;PORangedRush;POHeavyRushPORangedRushLightDefense
1;128;POWorkerRush;POLightRushRangedDefenseEconomyMilitaryRush
1;128;POWorkerRush;PORangedRushRangedDefense
0.898551;128;PORangedRush;POLightRushPOHeavyRushPORangedRush
-0.270588;128;POLightRush;RangedDefenseWorkerDefense
1;128;POWorkerRush;WorkerRushPlusPlusRangedDefenseEconomyMilitaryRush
-0.646209;128;EconomyRush;WorkerRushPlusPlusPORangedRushRangedDefenseWorkerDefense
1;128;EconomyRush;POLightRushWorkerDefenseEconomyMilitaryRush
0.356643;128;POWorkerRush;POHeavyRushPORangedRushLightDefenseEconomyMilitaryRush
0.387387;128;EconomyRush;POHeavyRushPORangedRush
-0.556886;128;EconomyRush;POLightRushPORangedRushRangedDefense
0.230769;128;PORangedRush;WorkerRushPlusPlusRangedDefense
0.982222;128;POWorkerRush;WorkerRushPlusPlusPOLightRushRangedDefense
1;128;POWorkerRush;POLightRushPOHeavyRushEconomyMilitaryRush
1;128;POWorkerRush;WorkerRushPlusPlusPOHeavyRushRangedDefense
0.230769;128;PORangedRush;WorkerRushPlusPlusPORangedRushWorkerDefense
1;128;POHeavyRush;WorkerRushPlusPlus
-0.628809;128;EconomyRush;PORangedRushLightDefenseRangedDefenseWorkerDefense
1;128;POWorkerRush;POLightRush
0.230769;128;PORangedRush;WorkerRushPlusPlusPOLightRushWorkerDefenseEconomyMilitaryRush
0.607843;128;POHeavyRush;POLightRushPOHeavyRushPORangedRushRangedDefense
1;128;POWorkerRush;PORangedRushEconomyMilitaryRush
1;128;PORangedRush;WorkerRushPlusPlusPOLightRushEconomyMilitaryRush
1;128;POHeavyRush;WorkerRushPlusPlusLightDefenseEconomyMilitaryRush
-0.270588;128;POLightRush;PORangedRushWorkerDefense
1;128;POWorkerRush;PORangedRushWorkerDefenseEconomyMilitaryRush
1;128;POHeavyRush;WorkerRushPlusPlusPOHeavyRush
0.940828;128;POWorkerRush;POHeavyRushRangedDefense
0.230769;128;PORangedRush;WorkerRushPlusPlusPOLightRushWorkerDefense
1;128;PORangedRush;PORangedRushLightDefenseEconomyMilitaryRush
-0.508417;128;EconomyRush;WorkerRushPlusPlusPOLightRushPORangedRushRangedDefense
0.926829;128;POWorkerRush;LightDefenseRangedDefenseWorkerDefenseEconomyMilitaryRush
1;128;POHeavyRush;POLightRushPORangedRushLightDefense
1;128;PORangedRush;POHeavyRushPORangedRushLightDefenseRangedDefense
1;128;POHeavyRush;POLightRushEconomyMilitaryRush
-0.0530612;128;POWorkerRush;WorkerRushPlusPlusPOHeavyRushRangedDefenseEconomyMilitaryRush
-0.0117647;128;PORangedRush;WorkerRushPlusPlusPOHeavyRushPORangedRushEconomyMilitaryRush
1;128;POWorkerRush;WorkerRushPlusPlusRangedDefenseWorkerDefense
1;128;POWorkerRush;POHeavyRushLightDefenseRangedDefense
1;128;POHeavyRush;WorkerRushPlusPlusRangedDefenseWorkerDefenseEconomyMilitaryRush
0.923404;128;POHeavyRush;EconomyMilitaryRush
-0.464481;128;EconomyRush;WorkerRushPlusPlusPOHeavyRushWorkerDefense
1;128;PORangedRush;PORangedRushLightDefense
1;128;PORangedRush;WorkerRushPlusPlusPOHeavyRushLightDefense
1;128;POHeavyRush;WorkerRushPlusPlusPOHeavyRushWorkerDefenseEconomyMilitaryRush
0.230769;128;PORangedRush;WorkerRushPlusPlusPORangedRushRangedDefenseWorkerDefense
0.987616;128;POHeavyRush;WorkerRushPlusPlusPOLightRushPOHeavyRush
0.625899;128;EconomyRush;POHeavyRushPORangedRushLightDefense
0.946667;128;POLightRush;POLightRushPORangedRushWorkerDefenseEconomyMilitaryRush
0.769784;128;EconomyRush;POLightRushPOHeavyRushPORangedRush
-0.628571;128;EconomyRush;WorkerRushPlusPlusLightDefenseRangedDefenseWorkerDefense
-0.544186;128;EconomyRush;WorkerRushPlusPlusPOHeavyRushPORangedRushWorkerDefense
1;128;POHeavyRush;POHeavyRushPORangedRushEconomyMilitaryRush
1;128;POLightRush;POLightRushRangedDefenseWorkerDefense
1;128;PORangedRush;WorkerRushPlusPlusPOLightRushRangedDefenseEconomyMilitaryRush
0.940299;128;POLightRush;POLightRushPOHeavyRushLightDefenseEconomyMilitaryRush
1;128;POLightRush;PORangedRushRangedDefenseEconomyMilitaryRush
1;128;POHeavyRush;WorkerRushPlusPlusPOLightRushPORangedRushEconomyMilitaryRush
-0.595142;128;EconomyRush;WorkerRushPlusPlusRangedDefense
0.936508;128;POHeavyRush;POHeavyRushWorkerDefenseEconomyMilitaryRush
1;128;PORangedRush;POLightRushPORangedRushRangedDefense
1;128;POLightRush;POHeavyRushPORangedRushLightDefenseWorkerDefense
-0.270588;128;POLightRush;PORangedRushRangedDefenseWorkerDefenseEconomyMilitaryRush
1;128;PORangedRush;POHeavyRushPORangedRush
0.940299;128;POLightRush;POLightRushPOHeavyRushRangedDefense
-0.0822511;128;POHeavyRush;WorkerRushPlusPlusPOLightRushPOHeavyRushRangedDefense
1;128;POLightRush;POLightRushLightDefenseRangedDefense
1;128;POHeavyRush;POLightRushPOHeavyRushPORangedRushWorkerDefense
1;128;POWorkerRush;WorkerRushPlusPlusPORangedRushRangedDefense
1;128;PORangedRush;POLightRushWorkerDefenseEconomyMilitaryRush
-0.623077;128;EconomyRush;WorkerRushPlusPlus
0.0563381;128;POHeavyRush;PORangedRushLightDefenseRangedDefenseWorkerDefense
0.356643;128;POWorkerRush;POHeavyRushLightDefenseRangedDefenseEconomyMilitaryRush
1;128;POWorkerRush;POLightRushLightDefenseWorkerDefense
1;128;PORangedRush;WorkerRushPlusPlusPORangedRushRangedDefenseEconomyMilitaryRush
0.986971;128;POLightRush;WorkerRushPlusPlusLightDefenseRangedDefense
1;128;PORangedRush;PORangedRush
1;128;POWorkerRush;POLightRushPORangedRushRangedDefenseWorkerDefense
1;128;POWorkerRush;WorkerRushPlusPlusPORangedRushWorkerDefenseEconomyMilitaryRush
-0.69697;128;EconomyRush;POLightRushPOHeavyRushPORangedRushRangedDefense
0.971119;128;POLightRush;WorkerRushPlusPlusPORangedRushLightDefense
0.949239;128;EconomyRush;WorkerRushPlusPlusLightDefenseEconomyMilitaryRush
1;128;POLightRush;POHeavyRushPORangedRushWorkerDefense
0.607843;128;POHeavyRush;WorkerRushPlusPlusPOLightRushPORangedRushRangedDefense
0.898551;128;PORangedRush;POLightRushLightDefense
0.4;128;EconomyRush;POLightRushPORangedRushLightDefense
1;128;EconomyRush;POLightRushEconomyMilitaryRush
-0.615942;128;EconomyRush;WorkerRushPlusPlusPOHeavyRush
1;128;POWorkerRush;WorkerRushPlusPlusWorkerDefense
-0.376623;128;POLightRush;WorkerRushPlusPlusWorkerDefenseEconomyMilitaryRush
-0.0798122;128;POLightRush;WorkerRushPlusPlusPOHeavyRushPORangedRushLightDefense
-0.0967742;128;POWorkerRush;WorkerRushPlusPlusPOLightRushPOHeavyRushPORangedRush
1;128;POWorkerRush;RangedDefenseEconomyMilitaryRush
1;128;EconomyRush;EconomyMilitaryRush
1;128;POHeavyRush;WorkerRushPlusPlusPOHeavyRushWorkerDefense
-0.643636;128;EconomyRush;WorkerRushPlusPlusPOHeavyRushWorkerDefenseEconomyMilitaryRush
-0.655431;128;EconomyRush;WorkerRushPlusPlusRangedDefenseWorkerDefenseEconomyMilitaryRush
0.946667;128;POLightRush;POLightRushRangedDefenseWorkerDefenseEconomyMilitaryRush
0.940299;128;POLightRush;POLightRushPOHeavyRushLightDefenseWorkerDefense
0.230769;128;PORangedRush;WorkerRushPlusPlusPOHeavyRushRangedDefenseWorkerDefense
1;128;POHeavyRush;WorkerRushPlusPlusLightDefenseRangedDefenseWorkerDefense
1;128;PORangedRush;WorkerRushPlusPlusPOLightRushPORangedRush
1;128;POWorkerRush;WorkerRushPlusPlusPOLightRushLightDefenseWorkerDefense
0.893899;128;EconomyRush;WorkerRushPlusPlusPOLightRushPOHeavyRush
1;128;POHeavyRush;POHeavyRushPORangedRushLightDefense
1;128;POHeavyRush;POLightRushPOHeavyRushPORangedRush
0.814672;128;EconomyRush;POHeavyRushPORangedRushEconomyMilitaryRush
0.230769;128;PORangedRush;WorkerDefense
0.940299;128;POLightRush;POLightRushPOHeavyRush
1;128;POWorkerRush;WorkerRushPlusPlusPOLightRushLightDefense
1;128;POHeavyRush;WorkerRushPlusPlusPOHeavyRushPORangedRushWorkerDefense
0.937008;128;PORangedRush;POHeavyRushRangedDefenseWorkerDefenseEconomyMilitaryRush
0.890909;128;POLightRush;PORangedRushLightDefenseWorkerDefenseEconomyMilitaryRush
1;128;POHeavyRush;WorkerRushPlusPlusRangedDefense
1;128;EconomyRush;WorkerRushPlusPlusPOLightRushPORangedRushEconomyMilitaryRush
0.931034;128;EconomyRush;POHeavyRushWorkerDefenseEconomyMilitaryRush
1;128;POLightRush;POHeavyRushRangedDefenseEconomyMilitaryRush
0.666667;128;EconomyRush;POLightRushPOHeavyRushPORangedRushWorkerDefense
-0.333333;128;EconomyRush;WorkerRushPlusPlusPOLightRushPOHeavyRushRangedDefense
-0.260116;128;POLightRush;WorkerDefenseEconomyMilitaryRush
1;128;POWorkerRush;WorkerRushPlusPlusLightDefenseRangedDefenseWorkerDefense
1;128;POHeavyRush;WorkerRushPlusPlusPOLightRushLightDefenseWorkerDefense
0.974522;128;PORangedRush;WorkerRushPlusPlusRangedDefenseEconomyMilitaryRush
0.940299;128;POLightRush;LightDefenseRangedDefense
1;128;POWorkerRush;POLightRushPOHeavyRushPORangedRush
1;128;PORangedRush;POLightRushRangedDefenseEconomyMilitaryRush
1;128;POWorkerRush;POHeavyRushPORangedRushLightDefense
1;128;PORangedRush;PORangedRushRangedDefense
-0.270588;128;POLightRush;POHeavyRushPORangedRushRangedDefenseEconomyMilitaryRush
0.898551;128;PORangedRush;POLightRushPOHeavyRushRangedDefenseEconomyMilitaryRush
0.230769;128;PORangedRush;WorkerRushPlusPlusLightDefenseWorkerDefenseEconomyMilitaryRush
1;128;POHeavyRush;WorkerRushPlusPlusPOLightRushLightDefense
-0.270588;128;POLightRush;RangedDefense
1;128;POWorkerRush;WorkerRushPlusPlusPOHeavyRushPORangedRushWorkerDefense
-0.240506;128;POLightRush;PORangedRushLightDefenseRangedDefense
1;128;PORangedRush;POHeavyRushRangedDefenseWorkerDefense
1;128;PORangedRush;WorkerRushPlusPlusPOLightRushRangedDefense
0.940299;128;POLightRush;POLightRushLightDefenseEconomyMilitaryRush
1;128;POWorkerRush;WorkerRushPlusPlusRangedDefense
1;128;PORangedRush;POLightRushPOHeavyRushEconomyMilitaryRush
-0.565495;128;EconomyRush;WorkerRushPlusPlusPORangedRushRangedDefense
0.765363;128;POLightRush;WorkerRushPlusPlusPOHeavyRushPORangedRush
0.754601;128;POLightRush;WorkerRushPlusPlusPORangedRushEconomyMilitaryRush
0.93007;128;PORangedRush;POHeavyRushPORangedRushLightDefenseEconomyMilitaryRush
1;128;POLightRush;POLightRushPORangedRush
0.937984;128;PORangedRush;POHeavyRushLightDefenseWorkerDefenseEconomyMilitaryRush
0.913043;128;POHeavyRush;POHeavyRushLightDefenseRangedDefenseEconomyMilitaryRush
0.45749;128;POLightRush;WorkerRushPlusPlusLightDefenseRangedDefenseEconomyMilitaryRush
1;128;POWorkerRush;PORangedRushLightDefenseRangedDefenseWorkerDefense
0.78022;128;EconomyRush;POLightRush
0.230769;128;PORangedRush;WorkerRushPlusPlusLightDefenseWorkerDefense
-0.319149;128;EconomyRush;WorkerRushPlusPlusPOHeavyRushRangedDefense
1;128;POHeavyRush;POLightRushLightDefenseWorkerDefense
0.230769;128;PORangedRush;WorkerRushPlusPlusLightDefense
0.898551;128;PORangedRush;POLightRushPORangedRushLightDefenseEconomyMilitaryRush
0.977839;128;EconomyRush;PORangedRushWorkerDefenseEconomyMilitaryRush
0.607843;128;POHeavyRush;POLightRushPORangedRushRangedDefenseWorkerDefense
1;128;POHeavyRush;WorkerRushPlusPlusPORangedRushWorkerDefenseEconomyMilitaryRush
0.908257;128;EconomyRush;PORangedRushEconomyMilitaryRush
-0.337838;128;POLightRush;WorkerRushPlusPlusPOLightRushRangedDefenseWorkerDefense
0.940299;128;POLightRush;POLightRushPOHeavyRushLightDefense
1;128;POWorkerRush;WorkerRushPlusPlusPOLightRushPORangedRushRangedDefense
0.676471;128;EconomyRush;LightDefenseRangedDefenseWorkerDefenseEconomyMilitaryRush
1;128;POLightRush;POHeavyRushLightDefenseRangedDefenseWorkerDefense
0.789474;128;EconomyRush;POHeavyRushRangedDefense
1;128;POHeavyRush;WorkerRushPlusPlusWorkerDefense
0.940299;128;POLightRush;WorkerRushPlusPlusPOLightRushPOHeavyRushLightDefense
1;128;POHeavyRush;RangedDefenseEconomyMilitaryRush
-0.0822511;128;POHeavyRush;WorkerRushPlusPlusPOLightRushPOHeavyRushPORangedRush
1;128;POWorkerRush;WorkerRushPlusPlusPOHeavyRushWorkerDefense
1;128;PORangedRush;RangedDefenseWorkerDefenseEconomyMilitaryRush
1;128;EconomyRush;WorkerRushPlusPlusPOHeavyRushRangedDefenseEconomyMilitaryRush
0.910714;128;EconomyRush;POHeavyRushLightDefenseRangedDefense
-0.628571;128;EconomyRush;WorkerRushPlusPlusRangedDefenseWorkerDefense
-0.676471;128;EconomyRush;WorkerRushPlusPlusPOLightRushLightDefenseWorkerDefense
1;128;POWorkerRush;WorkerRushPlusPlusPOLightRushPOHeavyRush
0.940299;128;POLightRush;POLightRushLightDefenseRangedDefenseWorkerDefense
1;128;POLightRush;POHeavyRush
1;128;EconomyRush;WorkerRushPlusPlusPOLightRushLightDefense
1;128;POWorkerRush;POHeavyRushPORangedRushEconomyMilitaryRush
0.904762;128;PORangedRush;POLightRushRangedDefense
0.898551;128;PORangedRush;POLightRushPORangedRushLightDefenseWorkerDefense
1;128;POWorkerRush;WorkerRushPlusPlusPOLightRushPORangedRushEconomyMilitaryRush
1;128;POWorkerRush;POHeavyRushWorkerDefenseEconomyMilitaryRush
0.940299;128;POLightRush;POLightRushPORangedRushLightDefenseRangedDefense
0.230769;128;PORangedRush;WorkerRushPlusPlusPOLightRush
-0.0967742;128;POWorkerRush;WorkerRushPlusPlusPOLightRushPOHeavyRushRangedDefense
1;128;POLightRush;POHeavyRushLightDefense
0.965812;128;PORangedRush;WorkerRushPlusPlusPOHeavyRushLightDefenseEconomyMilitaryRush
1;128;POWorkerRush;POLightRushPOHeavyRushPORangedRushWorkerDefense
0.88764;128;POHeavyRush;WorkerRushPlusPlusPORangedRushRangedDefense
0.809524;128;POHeavyRush;WorkerRushPlusPlusPOHeavyRushRangedDefense
1;128;EconomyRush;POLightRushLightDefenseWorkerDefense
0.898551;128;PORangedRush;POLightRushLightDefenseRangedDefenseEconomyMilitaryRush
0.898551;128;PORangedRush;POLightRushPOHeavyRushPORangedRushLightDefense
1;128;POWorkerRush;WorkerRushPlusPlus
0.757576;128;EconomyRush;POHeavyRushLightDefenseRangedDefenseEconomyMilitaryRush
1;128;PORangedRush;PORangedRushLightDefenseRangedDefenseEconomyMilitaryRush
1;128;POHeavyRush;POLightRush
1;128;PORangedRush;POHeavyRushLightDefenseEconomyMilitaryRush
-0.664234;128;EconomyRush;WorkerRushPlusPlusPORangedRushWorkerDefenseEconomyMilitaryRush
1;128;POWorkerRush;POLightRushPOHeavyRushPORangedRushRangedDefense
1;128;POHeavyRush;PORangedRushEconomyMilitaryRush
1;128;POWorkerRush;WorkerRushPlusPlusLightDefenseEconomyMilitaryRush
0.940299;128;POLightRush;LightDefenseWorkerDefense
1;128;POHeavyRush;PORangedRushWorkerDefenseEconomyMilitaryRush
-0.571429;128;EconomyRush;POLightRushPORangedRushRangedDefenseWorkerDefense
0.898551;128;PORangedRush;POLightRushPOHeavyRushRangedDefenseWorkerDefense
1;128;POWorkerRush;WorkerRushPlusPlusPOHeavyRush
1;128;POHeavyRush;POHeavyRushRangedDefense
-0.587629;128;EconomyRush;WorkerRushPlusPlusWorkerDefense
-0.270588;128;POLightRush;WorkerRushPlusPlusPOHeavyRushPORangedRushRangedDefense
1;128;POWorkerRush;POLightRushPORangedRushLightDefense
1;128;POHeavyRush;LightDefenseRangedDefenseWorkerDefenseEconomyMilitaryRush
1;128;POWorkerRush;POLightRushEconomyMilitaryRush
-0.174242;128;POHeavyRush;WorkerRushPlusPlusPOHeavyRushRangedDefenseEconomyMilitaryRush
1;128;POHeavyRush;POHeavyRushLightDefenseRangedDefense
1;128;POHeavyRush;WorkerRushPlusPlusRangedDefenseWorkerDefense
1;128;POWorkerRush;WorkerRushPlusPlusRangedDefenseWorkerDefenseEconomyMilitaryRush
1;128;EconomyRush;RangedDefenseEconomyMilitaryRush
-0.333333;128;EconomyRush;WorkerRushPlusPlusPOLightRushPOHeavyRushPORangedRush
0.963636;128;POWorkerRush;EconomyMilitaryRush
1;128;PORangedRush;POHeavyRushPORangedRushRangedDefense
-0.337838;128;POLightRush;WorkerRushPlusPlusPOHeavyRushLightDefenseWorkerDefense
1;128;POWorkerRush;WorkerRushPlusPlusPOHeavyRushWorkerDefenseEconomyMilitaryRush
